Workbook

Sheet 2023
A1: Individual Selection Time | B1: Group Selection Time | C1: Selection
A2: 45029.75 | B2: 45027.708 | C2: Mudd - 66
A3: 45028.787 | B3: 45027.708 | C3: Clark III - 224
A4: 45028.785 | B4: 45027.708 | C4: Smiley - 218
A5: 45028.721 | B5: 45027.708 | C5: Clark I - CL-I 116 - 116B
A6: 45029.715 | B6: 45027.708 | C6: Harwood - 106
A7: 45027.76 | B7: 45027.708 | C7: Clark III - 304
A8: 45027.852 | B8: 45027.708 | C8: Dialynas - DLNS 230 - 234
A9: 45027.781 | B9: 45027.708 | C9: Sontag - SNTG 130 - 132
A10: 45027.727 | B10: 45027.708 | C10: Sontag - SNTG 260 - 261
A11: 45028.854 | B11: 45027.708 | C11: Clark III - 315
A12: 45027.835 | B12: 45027.708 | C12: Dialynas - DLNS 320 - 323
A13: 45030.373 | B13: 45027.708
A14: 45028.79 | B14: 45027.708 | C14: Smiley - 215
A15: 45027.769 | B15: 45027.708 | C15: Dialynas - DLNS 350 - 353
A16: 45028.8 | B16: 45027.708 | C16: Walker - WALK 738-739 - 738
A17: 45027.721 | B17: 45027.708 | C17: Dialynas - DLNS 220 - 224
A18: 45028.727 | B18: 45027.708 | C18: Clark I - CL-I 130 - 130B
A19: 45028.796 | B19: 45027.708 | C19: Walker - WALK 648-649 - 649
A20: 45028.775 | B20: 45027.708 | C20: Smiley - 211
A21: 45027.873 | B21: 45027.708 | C21: Clark III - 105
A22: 45027.798 | B22: 45027.71 | C22: Clark III - 103
A23: 45027.796 | B23: 45027.71 | C23: Sontag - SNTG 150 - 152
A24: 45028.75 | B24: 45027.71 | C24: Clark III - 101
A25: 45029.771 | B25: 45027.71 | C25: Harwood - 230
... A59: 45028.725 | B59: 45027.713 | C59: Norton - 12
A60: 45029.851 | B60: 45027.713
A61: 45027.812 | B61: 45027.713 | C61: Clark III - 225
A62: 45027.769 | B62: 45027.713 | C62: Sontag - SNTG 330 - 335
A63: 45027.906 | B63: 45027.713 | C63: Sontag - SNTG 260 - 264
A64: 45028.713 | B64: 45027.715 | C64: Walker - WALK 634 635 656 - 656
A65: 45028.792 | B65: 45027.715 | C65: Smiley - 203
A66: 45028.823 | B66: 45027.715 | C66: Clark I - CL-I 110 - 110A
A67: 45027.817 | B67: 45027.715 | C67: Clark I - CL-I 209 - 209A
A68: 45030.373 | B68: 45027.715
A69: 45029.838 | B69: 45027.715
A70: 45027.8 | B70: 45027.715 | C70: Clark I - CL-I 117 - 117B
A71: 45030.373 | B71: 45027.715
A72: 45029.717 | B72: 45027.715 | C72: Harwood - 164
A73: 45028.833 | B73: 45027.715 | C73: Walker - WALK 646 647 653 - 647
A74: 45028.767 | B74: 45027.715 | C74: Lawry - LWRY B3 - B37
A75: 45027.819 | B75: 45027.715 | C75: Dialynas - DLNS 100 - 103
A76: 45027.738 | B76: 45027.715 | C76: Clark V - CL-V S1 - S01B
A77: 45028.777 | B77: 45027.715 | C77: Clark III - 116
A78: 45028.748 | B78: 45027.715 | C78: Clark I - CL-I 213 - 213B
A79: 45027.865 | B79: 45027.715 | C79: Dialynas - DLNS 200 - 204
A80: 45027.796 | B80: 45027.715 | C80: Clark III - 316
A81: 45027.802 | B81: 45027.715 | C81: Clark III - 217
A82: 45028.815 | B82: 45027.715 | C82: Clark V - CL-V 405-408 - 405
A83: 45029.76 | B83: 45027.715 | C83: Harwood - 170
... A103: 45027.867 | B103: 45027.719 | C103: Walker - WALK 742-743 - 742
A104: 45030.374 | B104: 45027.719
A105: 45029.738 | B105: 45027.719 | C105: Mudd - 61
A106: 45027.873 | B106: 45027.719 | C106: Lawry - LWRY A2 - A22
A107: 45027.879 | B107: 45027.719 | C107: Dialynas - DLNS 340 - 342
A108: 45027.89 | B108: 45027.719 | C108: Dialynas - DLNS 130 - 133
A109: 45027.719 | B109: 45027.719 | C109: Dialynas - DLNS 110 - 113
A110: 45027.723 | B110: 45027.719 | C110: Sontag - SNTG 110 - 112
A111: 45029.842 | B111: 45027.719 | C111: Gibson - 410
A112: 45027.906 | B112: 45027.721 | C112: Lawry - LWRY C2 - C27
A113: 45029.817 | B113: 45027.721 | C113: Mudd - 61
A114: 45027.783 | B114: 45027.721 | C114: Lawry - LWRY A1 - A18
A115: 45030.374 | B115: 45027.721
A116: 45028.794 | B116: 45027.721 | C116: Clark I - CL-I 107 - 107B
A117: 45027.742 | B117: 45027.721 | C117: Clark V - CL-V 455-458 - 456
A118: 45029.819 | B118: 45027.721
A119: 45028.769 | B119: 45027.721 | C119: Smiley - 104
A120: 45029.854 | B120: 45027.721 | C120: Harwood - HAR 319 321 323 325 - 325
A121: 45027.867 | B121: 45027.721 | C121: Clark V - CL-V 405-408 - 408
A122: 45027.779 | B122: 45027.721 | C122: Clark III - 227
A123: 45028.71 | B123: 45027.721 | C123: Clark V - CL-V 451-454 - 452
A124: 45028.708 | B124: 45027.721 | C124: Clark I - CL-I 124 - 124A
A125: 45028.76 | B125: 45027.721 | C125: Smiley - 216
A126: 45027.708 | B126: 45027.721 | C126: Sontag - SNTG 250 - 253
A127: 45027.71 | B127: 45027.721 | C127: Sontag - SNTG 310 - 311
A128: 45027.906 | B128: 45027.723 | C128: Clark I - CL-I 219 - 219A
A129: 45029.823 | B129: 45027.723 | C129: Blaisdell - 8
A130: 45029.708 | B130: 45027.723 | C130: Harwood - FS HAR 11 13 15 17 - 13
... A149: 45029.792 | B149: 45027.727 | C149: Harwood - 109
A150: 45029.819 | B150: 45027.727
A151: 45027.773 | B151: 45027.727 | C151: Lawry - LWRY C2 - C24
A152: 45028.721 | B152: 45027.727 | C152: Clark I - CL-I 127 - 127A
A153: 45027.852 | B153: 45027.727 | C153: Clark I - CL-I 220 - 220B
A154: 45029.771 | B154: 45027.727 | C154: Harwood - 249
A155: 45027.846 | B155: 45027.727 | C155: Clark V - CL-V 435-436 - 436
A156: 45029.723 | B156: 45027.727 | C156: Harwood - FS HAR 378-379 - 378
A157: 45029.79 | B157: 45027.727 | C157: Harwood - 181
A158: 45028.798 | B158: 45027.727 | C158: Clark I - CL-I 214 - 214B
A159: 45027.833 | B159: 45027.727 | C159: Clark III - 114
A160: 45028.783 | B160: 45027.729 | C160: Smiley - 113
A161: 45029.735 | B161: 45027.729 | C161: Harwood - 274
A162: 45028.715 | B162: 45027.729 | C162: Clark I - CL-I 118 - 118A
... A175: 45028.727 | B175: 45027.731 | C175: Walker - WALK 640-641 - 641
A176: 45029.848 | B176: 45027.731
A177: 45027.865 | B177: 45027.731 | C177: Dialynas - DLNS 330 - 332
A178: 45028.863 | B178: 45027.731 | C178: Clark III - 216
A179: 45028.802 | B179: 45027.731 | C179: Clark I - CL-I 115 - 115B
A180: 45029.773 | B180: 45027.731 | C180: Clark I - CL-I 105 - 105A
A181: 45027.717 | B181: 45027.731 | C181: Sontag - SNTG 220 - 221
A182: 45029.746 | B182: 45027.731 | C182: Gibson - 408
...

Sheet 2024
A1: Individual Selection Time | B1: Group Selection Time | C1: Selection
A2: 45392.833 | B2: 45391.708 | C2: Clark I - CL-I 203 - 203B
A3: 45391.84 | B3: 45391.708 | C3: Clark III - 221
A4: 45391.89 | B4: 45391.708 | C4: Walker - WALK 636-637 - 637
A5: 45392.742 | B5: 45391.708 | C5: Walker - WALK 750-751 - 751
A6: 45392.765 | B6: 45391.708 | C6: Walker - WALK 750-751 - 750
A7: 45391.85 | B7: 45391.708 | C7: Sontag - SNTG 150 - 152
A8: 45392.767 | B8: 45391.708 | C8: Smiley - 102
A9: 45391.792 | B9: 45391.708 | C9: Clark V - CL-V 409-412 - 410
A10: 45391.833 | B10: 45391.708 | C10: Dialynas - DLNS 320 - 323
A11: 45391.719 | B11: 45391.708 | C11: Sontag - SNTG 210 - 212
A12: 45391.881 | B12: 45391.708 | C12: Sontag - SNTG 240 - 242
A13: 45391.781 | B13: 45391.708 | C13: Sontag - SNTG 260 - 262
A14: 45391.792 | B14: 45391.708 | C14: Clark I - CL-I 125 - 125B
A15: 45393.796 | B15: 45391.708
A16: 45391.838 | B16: 45391.708 | C16: Clark I - CL-I 101 - 101B
A17: 45391.717 | B17: 45391.708 | C17: Dialynas - DLNS 310 - 314
A18: 45392.777 | B18: 45391.71 | C18: Smiley - 219
A19: 45392.74 | B19: 45391.71 | C19: Lawry - LWRY C1 - C16
A20: 45391.742 | B20: 45391.71 | C20: Clark III - 211
A21: 45392.815 | B21: 45391.71 | C21: Smiley - 222
A22: 45392.796 | B22: 45391.71 | C22: Sontag - SNTG 260 - 263
A23: 45391.8 | B23: 45391.71 | C23: Sontag - SNTG 110 - 112
A24: 45391.775 | B24: 45391.71 | C24: Dialynas - DLNS 240 - 241
A25: 45392.775 | B25: 45391.71 | C25: Smiley - 208
A26: 45392.733 | B26: 45391.71 | C26: Clark I - CL-I 122 - 122B
A27: 45391.892 | B27: 45391.71 | C27: Clark V - CL-V 413-416 - 416
... A30: 45391.76 | B30: 45391.71 | C30: Sontag - SNTG 310 - 311
A31: No Selection Time Issued | B31: 45391.71 | C31: Blaisdell - 111
A32: 45391.748 | B32: 45391.71 | C32: Clark V - CL-V 455-458 - 455
A33: 45392.79 | B33: 45391.71 | C33: Walker - WALK 610-611 - 611
A34: 45391.725 | B34: 45391.71 | C34: Sontag - SNTG 120 - 121
A35: 45391.812 | B35: 45391.71 | C35: Sontag - SNTG 330 - 331
A36: 45391.894 | B36: 45391.71 | C36: Lawry - LWRY B2 - B21
A37: 45392.75 | B37: 45391.71 | C37: Walker - WALK 644-645 - 644
A38: 45392.787 | B38: 45391.71 | C38: Smiley - 221
A39: 45392.746 | B39: 45391.71 | C39: Walker - WALK 738-739 - 739
A40: 45392.785 | B40: 45391.713 | C40: Clark I - CL-I 110 - 110A
A41: 45391.852 | B41: 45391.713 | C41: Walker - 717
A42: 45391.785 | B42: 45391.713 | C42: Clark III - 308
A43: 45392.867 | B43: 45391.713 | C43: Dialynas - DLNS 320 - 324
... A60: 45392.731 | B60: 45391.713 | C60: Walker - WALK 603-604 - 603
A61: No Selection Time Issued | B61: 45391.713
A62: 45391.89 | B62: 45391.715 | C62: Sontag - SNTG 230 - 232
A63: 45392.779 | B63: 45391.715 | C63: Walker - WALK 628-629 - 628
A64: 45392.765 | B64: 45391.715 | C64: Lawry - LWRY A2 - A22
A65: 45391.769 | B65: 45391.715 | C65: Clark V - CL-V S2 - S02B
A66: 45391.85 | B66: 45391.715 | C66: Lawry - LWRY A1 - A11
A67: 45392.848 | B67: 45391.715 | C67: Clark I - CL-I 112 - 112B
A68: 45391.735 | B68: 45391.715 | C68: Clark V - CL-V S25 - S25A
A69: 45391.723 | B69: 45391.715 | C69: Sontag - SNTG 110 - 111
A70: No Selection Time Issued | B70: 45391.715
A71: 45393.817 | B71: 45391.715 | C71: Mudd - 53
A72: 45391.9 | B72: 45391.715 | C72: Walker - 715
A73: No Selection Time Issued | B73: 45391.715
A74: 45391.76 | B74: 45391.715 | C74: Clark V - CL-V S1 - S01B
A75: 45391.879 | B75: 45391.715 | C75: Dialynas - DLNS 130 - 132
A76: 45391.91 | B76: 45391.717 | C76: Sontag - SNTG 310 - 312
A77: 45392.817 | B77: 45391.717 | C77: Clark V - CL-V 409-412 - 411
A78: 45392.731 | B78: 45391.717 | C78: Gibson - 415
A79: 45393.775 | B79: 45391.717 | C79: Mudd - 264
A80: 45392.735 | B80: 45391.717 | C80: Clark I - CL-I 208 - 208B
A81: 45392.794 | B81: 45391.717 | C81: Smiley - 101
A82: 45391.829 | B82: 45391.717 | C82: Clark I - CL-I 109 - 109A
A83: 45392.729 | B83: 45391.717 | C83: Norton - 11
A84: 45391.854 | B84: 45391.717 | C84: Clark I - CL-I 101 - 101A
A85: 45391.819 | B85: 45391.717 | C85: Dialynas - DLNS 200 - 204
... A104: 45392.79 | B104: 45391.721 | C104: Smiley - 114
A105: No Selection Time Issued | B105: 45391.721
A106: 45391.798 | B106: 45391.721 | C106: Lawry - LWRY C3 - C35
A107: 45392.831 | B107: 45391.721 | C107: Clark I - CL-I 107 - 107A
A108: 45391.883 | B108: 45391.721 | C108: Clark III - 304
A109: 45392.792 | B109: 45391.721 | C109: Clark I - CL-I 130 - 130A
A110: 45391.802 | B110: 45391.721 | C110: Clark V - CL-V S23 - S23B
A111: 45391.779 | B111: 45391.721 | C111: Clark V - CL-V 459-462 - 462
A112: 45392.727 | B112: 45391.721 | C112: Norton - 21
A113: 45391.74 | B113: 45391.723 | C113: Lawry - LWRY A3 - A31
A114: 45392.779 | B114: 45391.723 | C114: Smiley - 110
A115: 45391.771 | B115: 45391.723 | C115: Lawry - LWRY A3 - A34
A116: 45391.725 | B116: 45391.723 | C116: Sontag - SNTG 320 - 323
A117: No Selection Time Issued | B117: 45391.723
A118: 45392.85 | B118: 45391.723 | C118: Clark I - 222
A119: 45391.765 | B119: 45391.723 | C119: Dialynas - DLNS 120 - 122
A120: No Selection Time Issued | B120: 45391.723
A121: 45391.865 | B121: 45391.723 | C121: Clark I - CL-I 114 - 114A
A122: 45392.744 | B122: 45391.723 | C122: Walker - WALK 610-611 - 610
A123: 45391.762 | B123: 45391.723 | C123: Clark V - CL-V 437-438 - 438
A124: 45391.912 | B124: 45391.723 | C124: Clark V - CL-V S6 - S06B
A125: 45391.84 | B125: 45391.723 | C125: Clark I - CL-I 209 - 209A
A126: 45392.858 | B126: 45391.723 | C126: Clark III - 101
A127: 45391.731 | B127: 45391.723 | C127: Lawry - LWRY A2 - A28
A128: 45391.91 | B128: 45391.723 | C128: Walker - WALK 650 651 652 - 652
A129: 45392.831 | B129: 45391.725 | C129: Gibson - 410
A130: 45392.708 | B130: 45391.725 | C130: Norton - 27
A131: 45393.823 | B131: 45391.725
A132: 45391.746 | B132: 45391.725 | C132: Clark V - CL-V 405-408 - 406
A133: 45392.827 | B133: 45391.725 | C133: Walker - WALK 603-604 - 604
A134: 45392.744 | B134: 45391.725 | C134: Walker - WALK 638 639 655 - 639
A135: 45391.831 | B135: 45391.725 | C135: Sontag - SNTG 240 - 244
A136: No Selection Time Issued | B136: 45391.725
...

Sheet 2025
A1: Individual Selection Time | B1: Group Selection Time | C1: Selection
A2: 45755.887 | B2: 45755.708 | C2: Clark V - CL-V 433-434 - 433
A3: 45755.708 | B3: 45755.708 | C3: Clark V - CL-V 433-434 - 434
A4: 45755.883 | B4: 45755.708 | C4: Sontag - SNTG 230 - 231
A5: 45755.827 | B5: 45755.708 | C5: Sontag - SNTG 230 - 232
A6: 45755.765 | B6: 45755.708 | C6: Sontag - SNTG 230 - 233
A7: 45755.892 | B7: 45755.708 | C7: Sontag - SNTG 230 - 234
A8: 45755.708 | B8: 45755.708 | C8: Sontag - SNTG 230 - 235
A9: 45755.894 | B9: 45755.708 | C9: Sontag - SNTG 230 - 236
A10: 45755.865 | B10: 45755.708 | C10: Sontag - SNTG 260 - 261
A11: 45755.708 | B11: 45755.708 | C11: Sontag - SNTG 260 - 262
A12: 45755.802 | B12: 45755.708 | C12: Sontag - SNTG 260 - 263
A13: 45755.89 | B13: 45755.708 | C13: Sontag - SNTG 260 - 264
... A551: 45757.829 | B551: 45757.829 | C551: Harwood - 120
A552: 45755.717 | B552: No Selection Time Issued | C552: Clark III - 100
A553: 45755.873 | B553: No Selection Time Issued | C553: Clark III - 102
A554: 45755.721 | B554: No Selection Time Issued | C554: Clark III - 105
A555: 45755.815 | B555: No Selection Time Issued | C555: Clark III - 107
A556: 45755.79 | B556: No Selection Time Issued | C556: Clark III - 114
A557: 45755.775 | B557: No Selection Time Issued | C557: Clark III - 122
A558: 45755.748 | B558: No Selection Time Issued | C558: Clark III - 200
A559: 45755.785 | B559: No Selection Time Issued | C559: Clark III - 201
A560: 45755.762 | B560: No Selection Time Issued | C560: Clark III - 202
A561: 45755.871 | B561: No Selection Time Issued | C561: Clark III - 203
A562: 45755.885 | B562: No Selection Time Issued | C562: Clark III - 204
A563: 45755.867 | B563: No Selection Time Issued | C563: Clark III - 205
... A761: 45755.85 | B761: No Selection Time Issued | C761: Walker - 733
A762: No Selection Time Issued | B762: No Selection Time Issued
A763: 45757.727 | B763: No Selection Time Issued
A764: 45757.783 | B764: No Selection Time Issued
A765: 45757.821 | B765: No Selection Time Issued
A766: 45757.817 | B766: No Selection Time Issued
A767: 45757.823 | B767: No Selection Time Issued
A768: No Selection Time Issued | B768: No Selection Time Issued
A769: No Selection Time Issued | B769: No Selection Time Issued
A770: No Selection Time Issued | B770: No Selection Time Issued
A771: No Selection Time Issued | B771: No Selection Time Issued
A772: No Selection Time Issued | B772: No Selection Time Issued
A773: No Selection Time Issued | B773: No Selection Time Issued
A774: 45757.825 | B774: No Selection Time Issued
A775: 45757.844 | B775: No Selection Time Issued
A776: No Selection Time Issued | B776: No Selection Time Issued
A777: 45757.825 | B777: No Selection Time Issued
A778: 45757.835 | B778: No Selection Time Issued
A779: 45757.842 | B779: No Selection Time Issued
A780: 45757.819 | B780: No Selection Time Issued
A781: 45757.819 | B781: No Selection Time Issued
A782: 45757.835 | B782: No Selection Time Issued

Sheet Sq. Ft & Room Type
A1: Building Name | B1: Room Number | C1: Square Footage | D1: Room Type
A2: Sontag | B2: 314 | C2: 154 | D2: Single (Suited)
A3: Sontag | B3: 321 | C3: 135 | D3: Single (Suited)
A4: Sontag | B4: 303 | C4: 150 | D4: Single (Suited)
A5: Sontag | B5: 331 | C5: 139 | D5: Single (Suited)
A6: Sontag | B6: 322 | C6: 151 | D6: Single (Suited)
A7: Sontag | B7: 312 | C7: 147 | D7: Single (Suited)
A8: Sontag | B8: 332 | C8: 143 | D8: Single (Suited)
A9: Sontag | B9: 313 | C9: 136 | D9: Single (Suited)
A10: Sontag | B10: 336 | C10: 152 | D10: Single (Suited)
A11: Sontag | B11: 302 | C11: 137 | D11: Single (Suited)
A12: Sontag | B12: 301 | C12: 133 | D12: Single (Suited)
A13: Sontag | B13: 323 | C13: 137 | D13: Single (Suited)
... A80: Clark V | B80: 433 | C80: 148 | D80: Single (Suited)
A81: Clark V | B81: S02A | C81: 162 | D81: Single (Suited)
A82: Clark V | B82: 443 | C82: 181 | D82: Single (Suited)
A83: Clark V | B83: 426 | C83: 147 | D83: Single (Suited)
A84: Clark V | B84: 446 | C84: 200 | D84: Single (Suited)
A85: Clark V | B85: 432 | C85: 144 | D85: Single (Suited)
A86: Clark V | B86: 423 | C86: 144 | D86: Single (Suited)
A87: Clark V | B87: 442 | C87: 147 | D87: Single (Suited)
A88: Clark V | B88: 417 | C88: 147 | D88: Single (Suited)
A89: Clark V | B89: 438 | C89: 152 | D89: Single (Suited)
A90: Clark V | B90: S03A | C90: 163 | D90: Single (Suited)
A91: Clark V | B91: 436 | C91: 147 | D91: Single (Suited)
A92: Clark V | B92: 403 | C92: 147 | D92: Single (Suited)
A93: Clark V | B93: 409 | C93: 147 | D93: Single (Suited)
A94: Clark V | B94: 406 | C94: 147 | D94: Single (Suited)
A95: Clark V | B95: S04A | C95: 163 | D95: Single (Suited)
A96: Clark V | B96: 411 | C96: 146 | D96: Single (Suited)
A97: Clark V | B97: 412 | C97: 146 | D97: Single (Suited)
A98: Clark V | B98: 425 | C98: 141 | D98: Single (Suited)
A99: Clark V | B99: 420 | C99: 147 | D99: Single (Suited)
A100: Clark V | B100: 430 | C100: 150 | D100: Single (Suited)
A101: Clark V | B101: S05B | C101: 136 | D101: Single (Suited)
A102: Clark V | B102: 427 | C102: 179 | D102: Single (Suited)
A103: Clark V | B103: 413 | C103: 150 | D103: Single (Suited)
A104: Clark V | B104: 437 | C104: 183 | D104: Single (Suited)
A105: Clark V | B105: 401 | C105: 149 | D105: Single (Suited)
A106: Clark V | B106: 418 | C106: 147 | D106: Single (Suited)
A107: Clark V | B107: 435 | C107: 189 | D107: Single (Suited)
A108: Clark V | B108: S03B | C108: 142 | D108: Single (Suited)
A109: Clark V | B109: S04B | C109: 138 | D109: Single (Suited)
A110: Clark V | B110: 405 | C110: 147 | D110: Single (Suited)
A111: Clark V | B111: 439 | C111: 150 | D111: Single (Suited)
A112: Clark V | B112: S01B | C112: 144 | D112: Single (Suited)
A113: Clark V | B113: 431 | C113: 225 | D113: Double (Suited)
A114: Clark V | B114: 419 | C114: 146 | D114: Single (Suited)
A115: Clark V | B115: 402 | C115: 144 | D115: Single (Suited)
A116: Clark V | B116: 440 | C116: 182 | D116: Single (Suited)
A117: Clark V | B117: 428 | C117: 186 | D117: Single (Suited)
A118: Clark V | B118: S01A | C118: 170 | D118: Single (Suited)
A119: Clark V | B119: 444 | C119: 145 | D119: Single (Suited)
A120: Clark V | B120: 429 | C120: 136 | D120: Single (Suited)
A121: Clark V | B121: S06A | C121: 165 | D121: Single (Suited)
A122: Clark V | B122: S02B | C122: 143 | D122: Single (Suited)
A123: Clark V | B123: 445 | D123: Single (Suited)
A124: Clark V | B124: 408 | C124: 147 | D124: Single (Suited)
A125: Clark V | B125: 441 | C125: 185 | D125: Single (Suited)
A126: Clark V | B126: 416 | C126: 147 | D126: Single (Suited)
A127: Clark V | B127: 434 | C127: 205 | D127: Single (Suited)
A128: Clark V | B128: 407 | C128: 146 | D128: Single (Suited)
A129: Clark V | B129: 410 | C129: 147 | D129: Single (Suited)
A130: Clark V | B130: S06B | C130: 136 | D130: Single (Suited)
A131: Clark V | B131: 414 | C131: 147 | D131: Single (Suited)
A132: Clark V | B132: 424 | C132: 149 | D132: Single (Suited)
A133: Clark V | B133: 422 | C133: 149 | D133: Single (Suited)
A134: Clark V | B134: S05A | C134: 164 | D134: Single (Suited)
A135: Clark V | B135: 404 | C135: 142 | D135: Single (Suited)
A136: Clark V | B136: 463 | C136: 149 | D136: Single (Suited)
A137: Clark V | B137: S26B | C137: 140 | D137: Single (Suited)
A138: Clark V | B138: S25A | C138: 164 | D138: Single (Suited)
A139: Clark V | B139: 451 | C139: 149 | D139: Single (Suited)
A140: Clark V | B140: 460 | C140: 149 | D140: Single (Suited)
A141: Clark V | B141: 453 | C141: 149 | D141: Single (Suited)
A142: Clark V | B142: S23A | C142: 164 | D142: Single (Suited)
A143: Clark V | B143: 472 | C143: 149 | D143: Single (Suited)
A144: Clark V | B144: 469 | C144: 149 | D144: Single (Suited)
A145: Clark V | B145: S26A | C145: 165 | D145: Single (Suited)
A146: Clark V | B146: 466 | C146: 149 | D146: Single (Suited)
A147: Clark V | B147: S21B | C147: 136 | D147: Single (Suited)
A148: Clark V | B148: 458 | C148: 149 | D148: Single (Suited)
A149: Clark V | B149: S23B | C149: 139 | D149: Single (Suited)
A150: Clark V | B150: 455 | C150: 149 | D150: Single (Suited)
A151: Clark V | B151: 465 | C151: 149 | D151: Single (Suited)
A152: Clark V | B152: 471 | C152: 146 | D152: Single (Suited)
A153: Clark V | B153: 457 | C153: 147 | D153: Single (Suited)
A154: Clark V | B154: S22B | C154: 140 | D154: Single (Suited)
A155: Clark V | B155: 456 | C155: 149 | D155: Single (Suited)
A156: Clark V | B156: 470 | C156: 149 | D156: Single (Suited)
A157: Clark V | B157: S25B | C157: 139 | D157: Single (Suited)
A158: Clark V | B158: 464 | C158: 149 | D158: Single (Suited)
A159: Clark V | B159: 452 | C159: 146 | D159: Single (Suited)
A160: Clark V | B160: 467 | C160: 467 | D160: Single (Suited)
A161: Clark V | B161: S24A | C161: 165 | D161: Single (Suited)
A162: Clark V | B162: 462 | C162: 149 | D162: Single (Suited)
A163: Clark V | B163: 473 | C163: 146 | D163: Single (Suited)
A164: Clark V | B164: 468 | C164: 149 | D164: Single (Suited)
A165: Clark V | B165: S21A | C165: 164 | D165: Single (Suited)
A166: Clark V | B166: 454 | C166: 146 | D166: Single (Suited)
...

Sheet Room Capacity
A1: Building Name | B1: Level | C1: Hall / Suite | D1: Room Number | E1: Occupancy(Overflow)
A2: Blaisdell | B2: 1 | D2: 110 | E2: 1 (0)
A3: Blaisdell | B3: 1 | D3: 111 | E3: 2 (0)
A4: Blaisdell | B4: 1 | D4: 112 | E4: 3 (0)
A5: Blaisdell | B5: 1 | D5: 113 | E5: 2 (0)
A6: Blaisdell | B6: 1 | D6: 115 | E6: 2 (0)
A7: Blaisdell | B7: 1 | C7: BLSD 116 | D7: 116A | E7: 1 (0)
A8: Blaisdell | B8: 1 | C8: BLSD 116 | D8: 116B | E8: 1 (0)
A9: Blaisdell | B9: 1 | D9: 117 | E9: 3 (0)
A10: Blaisdell | B10: 1 | D10: 118 | E10: 2 (0)
A11: Blaisdell | B11: 1 | D11: 118A | E11: 1 (0)
A12: Blaisdell | B12: 1 | D12: 119 | E12: 1 (0)
A13: Blaisdell | B13: 1 | D13: 120 | E13: 2 (0)
A14: Blaisdell | B14: 1 | D14: 121 | E14: 2 (0)
A15: Blaisdell | B15: 1 | D15: 122 | E15: 1 (0)
A16: Blaisdell | B16: 1 | D16: 123 | E16: 2 (0)
A17: Blaisdell | B17: 1 | D17: 124 | E17: 2 (0)
A18: Blaisdell | B18: 1 | D18: 125 | E18: 2 (0)
A19: Blaisdell | B19: 1 | D19: 126 | E19: 2 (0)
A20: Blaisdell | B20: 1 | D20: 127 | E20: 1 (0)
A21: Blaisdell | B21: 1 | D21: 128 | E21: 2 (0)
A22: Blaisdell | B22: 1 | D22: 129 | E22: 2 (0)
A23: Blaisdell | B23: 1 | C23: BLSD 130-131 | D23: 130 | E23: 1 (0)
A24: Blaisdell | B24: 1 | C24: BLSD 130-131 | D24: 131 | E24: 1 (0)
A25: Blaisdell | B25: 1 | D25: 132 | E25: 2 (0)
A26: Blaisdell | B26: 1 | D26: 133 | E26: 2 (0)
A27: Blaisdell | B27: 1 | D27: 134 | E27: 2 (0)
A28: Blaisdell | B28: 1 | D28: 135 | E28: 1 (0)
A29: Blaisdell | B29: 1 | D29: 136 | E29: 2 (0)
A30: Blaisdell | B30: 1 | D30: 137 | E30: 2 (0)
A31: Blaisdell | B31: 1 | D31: 138 | E31: 2 (0)
A32: Blaisdell | B32: 1 | D32: 139 | E32: 2 (0)
A33: Blaisdell | B33: 1 | D33: 140 | E33: 2 (0)
A34: Blaisdell | B34: 1 | D34: 141 | E34: 2 (0)
A35: Blaisdell | B35: 1 | D35: 142 | E35: 2 (0)
A36: Blaisdell | B36: 1 | D36: 143 | E36: 2 (0)
A37: Blaisdell | B37: 1 | D37: L-1 | E37: 3 (0)
A38: Blaisdell | B38: 2 | D38: 201 | E38: 3 (0)
A39: Blaisdell | B39: 2 | D39: 202 | E39: 2 (0)
A40: Blaisdell | B40: 2 | D40: 203 | E40: 1 (0)
A41: Blaisdell | B41: 2 | D41: 204 | E41: 2 (0)
A42: Blaisdell | B42: 2 | D42: 205 | E42: 2 (0)
A43: Blaisdell | B43: 2 | D43: 206 | E43: 3 (0)
A44: Blaisdell | B44: 2 | D44: 207 | E44: 2 (0)
A45: Blaisdell | B45: 2 | D45: 208 | E45: 1 (0)
A46: Blaisdell | B46: 2 | D46: 209 | E46: 2 (0)
A47: Blaisdell | B47: 2 | D47: 210 | E47: 2 (0)
A48: Blaisdell | B48: 2 | D48: 211 | E48: 2 (0)
A49: Blaisdell | B49: 2 | D49: 212 | E49: 2 (0)
... A55: Blaisdell | B55: 2 | D55: 218 | E55: 2 (0)
A56: Blaisdell | B56: 2 | D56: 218A | E56: 1 (0)
A57: Blaisdell | B57: 2 | D57: 219 | E57: 2 (0)
A58: Blaisdell | B58: 2 | D58: 220 | E58: 2 (0)
A59: Blaisdell | B59: 2 | D59: 221 | E59: 2 (0)
A60: Blaisdell | B60: 2 | D60: 222 | E60: 2 (0)
A61: Blaisdell | B61: 2 | D61: 223 | E61: 2 (0)
A62: Blaisdell | B62: 2 | D62: 224 | E62: 2 (0)
A63: Blaisdell | B63: 2 | D63: 225 | E63: 2 (0)
A64: Blaisdell | B64: 2 | D64: 226 | E64: 2 (0)
A65: Blaisdell | B65: 2 | D65: 227 | E65: 2 (0)
A66: Blaisdell | B66: 2 | D66: 228 | E66: 2 (0)
A67: Blaisdell | B67: 2 | D67: 229 | E67: 2 (0)
A68: Blaisdell | B68: 2 | C68: BLSD 230-231 | D68: 230 | E68: 1 (0)
A69: Blaisdell | B69: 2 | C69: BLSD 230-231 | D69: 231 | E69: 1 (0)
A70: Blaisdell | B70: 2 | D70: 232 | E70: 2 (0)
A71: Blaisdell | B71: 2 | D71: 233 | E71: 2 (0)
A72: Blaisdell | B72: 2 | D72: 234 | E72: 2 (0)
A73: Blaisdell | B73: 2 | D73: 235 | E73: 2 (0)
A74: Blaisdell | B74: 2 | D74: 236 | E74: 2 (0)
A75: Blaisdell | B75: 2 | D75: 237 | E75: 2 (0)
A76: Blaisdell | B76: 2 | D76: 238 | E76: 2 (0)
A77: Blaisdell | B77: 2 | D77: 239 | E77: 2 (0)
A78: Blaisdell | B78: 2 | D78: 241 | E78: 1 (0)
A79: Blaisdell | B79: 2 | D79: 242 | E79: 2 (0)
A80: Blaisdell | B80: 2 | D80: 243 | E80: 2 (0)
A81: Blaisdell | B81: 2 | D81: L-2 | E81: 3 (0)
A82: Blaisdell | B82: 3 | C82: BLSD 341-343 | D82: 341 | E82: 1 (0)
A83: Blaisdell | B83: 3 | C83: BLSD 341-343 | D83: 342 | E83: 1 (0)
A84: Blaisdell | B84: 3 | C84: BLSD 341-343 | D84: 343 | E84: 2 (0)
A85: Blaisdell | B85: G | D85: 1 | E85: 3 (0)
A86: Blaisdell | B86: G | D86: 10 | E86: 3 (0)
A87: Blaisdell | B87: G | D87: 11 | E87: 1 (0)
A88: Blaisdell | B88: G | D88: 12 | E88: 2 (0)
A89: Blaisdell | B89: G | D89: 14 | E89: 2 (0)
A90: Blaisdell | B90: G | D90: 15 | E90: 1 (0)
A91: Blaisdell | B91: G | D91: 16 | E91: 2 (0)
A92: Blaisdell | B92: G | D92: 17 | E92: 2 (0)
A93: Blaisdell | B93: G | D93: 19 | E93: 1 (0)
A94: Blaisdell | B94: G | D94: 2 | E94: 2 (0)
A95: Blaisdell | B95: G | D95: 21 | E95: 1 (0)
A96: Blaisdell | B96: G | D96: 23 | E96: 1 (0)
... A105: Blaisdell | B105: G | D105: 9 | E105: 2 (0)
A106: Clark I | B106: 1 | C106: CL-I 100 | D106: 100A | E106: 2 (0)
A107: Clark I | B107: 1 | C107: CL-I 100 | D107: 100B | E107: 1 (0)
A108: Clark I | B108: 1 | C108: CL-I 101 | D108: 101A | E108: 1 (0)
A109: Clark I | B109: 1 | C109: CL-I 101 | D109: 101B | E109: 1 (0)
A110: Clark I | B110: 1 | C110: CL-I 102 | D110: 102A | E110: 1 (0)
A111: Clark I | B111: 1 | C111: CL-I 102 | D111: 102B | E111: 1 (0)
A112: Clark I | B112: 1 | C112: CL-I 103 | D112: 103A | E112: 1 (0)
A113: Clark I | B113: 1 | C113: CL-I 103 | D113: 103B | E113: 1 (0)
...

Sheet Master
A1: Dorm Name | B1: Square Footage of Unique Dorms | C1: Unique Dorms | D1: Selection Time (Individual) 2023 | E1: Selection Time (Group) 2023 | F1: 2023 Selection Time | G1: Selection Time (Individual) 2024 | H1: Selection Time (Group) 2024 | I1: 2024 Selection Time | J1: Selection Time (Individual) 2025 | K1: Selection Time (Group) 2025 | L1: 2025 Selection Time | M1: Occupancy | N1: AC
A2: Blaisdell - 10 | B2: 201 | C2: {=_xlfn.LET( _xlpm.x,_xlfn.UNIQUE(_xlfn._xlws.FILTER(A2:A2454,A2:A2454<>"")), _xlfn.SORTBY( _xlpm.x, _xlfn.TEXTBEFORE(_xlpm.x," - "),1, --_xlfn.TEXTAFTER(_xlpm.x," - "),1 ) )} -> Blaisdell - 2 | D2: =_xlfn.XLOOKUP(C2,'2023'!C:C,'2023'!A:A,"") -> 45029.787 | E2: =_xlfn.XLOOKUP(C2,'2023'!C:C,'2023'!B:B,"") -> 45027.79 | G2: =_xlfn.XLOOKUP(C2,'2024'!C:C,'2024'!A:A,"") | H2: =_xlfn.XLOOKUP(C3,'2024'!C:C,'2024'!B:B,"") | I2: =_xlfn.LET( _xlpm.ind,G2, _xlpm.grp,H2, IF(AND(NOT(ISNUMBER(_xlpm.ind)),NOT(ISNUMBER(_xlpm.grp))),"", MIN(IF(ISNUMBER(_xlpm.ind),_xlpm.ind,1E+99),IF(ISNUMBER(_xlpm.grp),_xlpm.grp,1E+99)) ) ) | J2: =_xlfn.XLOOKUP(C2,'2025'!C:C,'2025'!A:A,"") | K2: =_xlfn.XLOOKUP(C2,'2025'!C:C,'2025'!B:B,"") | L2: =_xlfn.LET(_xlpm.ind,J2,_xlpm.grp,K2,IF(AND(NOT(ISNUMBER(_xlpm.ind)),NOT(ISNUMBER(_xlpm.grp))),"",MIN(IF(ISNUMBER(_xlpm.ind),_xlpm.ind,1E+99),IF(ISNUMBER(_xlpm.grp),_xlpm.grp,1E+99)))) | M2: {=IFERROR(_xlfn.LET( _xlpm.x,TRIM(C2), _xlpm.dorm,TRIM(_xlfn.TEXTBEFORE(_xlpm.x," - ")), _xlpm.room,TRIM(_xlfn.TEXTAFTER(_xlpm.x," - ",-1)), _xlpm.occ,_xlfn.XLOOKUP( 1, (TRIM('Room Capacity'!A:A)=_xlpm.dorm)*(TRIM('Room Capacity'!D:D&"")=_xlpm.room), 'Room Capacity'!E:E, "" ), VALUE(_xlfn.TEXTBEFORE(_xlpm.occ," ")) ),"")} -> 2 | N2: =OR(_xlfn.TEXTBEFORE(C2," - ")="Blaisdell",_xlfn.TEXTBEFORE(C2," - ")="Mudd",_xlfn.TEXTBEFORE(C2," - ")="Dialynas",_xlfn.TEXTBEFORE(C2," - ")="Sontag") -> TRUE
A3: Blaisdell - 10 | B3: 159 | C3: Blaisdell - 3 | D3: =_xlfn.XLOOKUP(C3,'2023'!C:C,'2023'!A:A,"") -> 45029.715 | E3: =_xlfn.XLOOKUP(C3,'2023'!C:C,'2023'!B:B,"") -> No Selection Time Issued | F3: =_xlfn.LET( _xlpm.ind,D3, _xlpm.grp,E3, IF(AND(NOT(ISNUMBER(_xlpm.ind)),NOT(ISNUMBER(_xlpm.grp))),"", MIN(IF(ISNUMBER(_xlpm.ind),_xlpm.ind,1E+99),IF(ISNUMBER(_xlpm.grp),_xlpm.grp,1E+99)) ) ) -> 45029.715 | G3: =_xlfn.XLOOKUP(C3,'2024'!C:C,'2024'!A:A,"") | H3: =_xlfn.XLOOKUP(C4,'2024'!C:C,'2024'!B:B,"") | I3: =_xlfn.LET( _xlpm.ind,G3, _xlpm.grp,H3, IF(AND(NOT(ISNUMBER(_xlpm.ind)),NOT(ISNUMBER(_xlpm.grp))),"", MIN(IF(ISNUMBER(_xlpm.ind),_xlpm.ind,1E+99),IF(ISNUMBER(_xlpm.grp),_xlpm.grp,1E+99)) ) ) | J3: =_xlfn.XLOOKUP(C3,'2025'!C:C,'2025'!A:A,"") | K3: =_xlfn.XLOOKUP(C3,'2025'!C:C,'2025'!B:B,"") | L3: =_xlfn.LET(_xlpm.ind,J3,_xlpm.grp,K3,IF(AND(NOT(ISNUMBER(_xlpm.ind)),NOT(ISNUMBER(_xlpm.grp))),"",MIN(IF(ISNUMBER(_xlpm.ind),_xlpm.ind,1E+99),IF(ISNUMBER(_xlpm.grp),_xlpm.grp,1E+99)))) | M3: {=IFERROR(_xlfn.LET( _xlpm.x,TRIM(C3), _xlpm.dorm,TRIM(_xlfn.TEXTBEFORE(_xlpm.x," - ")), _xlpm.room,TRIM(_xlfn.TEXTAFTER(_xlpm.x," - ",-1)), _xlpm.occ,_xlfn.XLOOKUP( 1, (TRIM('Room Capacity'!A:A)=_xlpm.dorm)*(TRIM('Room Capacity'!D:D&"")=_xlpm.room), 'Room Capacity'!E:E, "" ), VALUE(_xlfn.TEXTBEFORE(_xlpm.occ," ")) ),"")} -> 1 | N3: =OR(_xlfn.TEXTBEFORE(C3," - ")="Blaisdell",_xlfn.TEXTBEFORE(C3," - ")="Mudd",_xlfn.TEXTBEFORE(C3," - ")="Dialynas",_xlfn.TEXTBEFORE(C3," - ")="Sontag") -> TRUE
A4: Blaisdell - 10 | B4: 183 | C4: Blaisdell - 4 | D4: =_xlfn.XLOOKUP(C4,'2023'!C:C,'2023'!A:A,"") -> 45029.815 | E4: =_xlfn.XLOOKUP(C4,'2023'!C:C,'2023'!B:B,"") -> 45029.738 | F4: =_xlfn.LET( _xlpm.ind,D4, _xlpm.grp,E4, IF(AND(NOT(ISNUMBER(_xlpm.ind)),NOT(ISNUMBER(_xlpm.grp))),"", MIN(IF(ISNUMBER(_xlpm.ind),_xlpm.ind,1E+99),IF(ISNUMBER(_xlpm.grp),_xlpm.grp,1E+99)) ) ) -> 45029.738 | G4: =_xlfn.XLOOKUP(C4,'2024'!C:C,'2024'!A:A,"") | H4: =_xlfn.XLOOKUP(C5,'2024'!C:C,'2024'!B:B,"") | I4: =_xlfn.LET( _xlpm.ind,G4, _xlpm.grp,H4, IF(AND(NOT(ISNUMBER(_xlpm.ind)),NOT(ISNUMBER(_xlpm.grp))),"", MIN(IF(ISNUMBER(_xlpm.ind),_xlpm.ind,1E+99),IF(ISNUMBER(_xlpm.grp),_xlpm.grp,1E+99)) ) ) | J4: =_xlfn.XLOOKUP(C4,'2025'!C:C,'2025'!A:A,"") | K4: =_xlfn.XLOOKUP(C4,'2025'!C:C,'2025'!B:B,"") | L4: =_xlfn.LET(_xlpm.ind,J4,_xlpm.grp,K4,IF(AND(NOT(ISNUMBER(_xlpm.ind)),NOT(ISNUMBER(_xlpm.grp))),"",MIN(IF(ISNUMBER(_xlpm.ind),_xlpm.ind,1E+99),IF(ISNUMBER(_xlpm.grp),_xlpm.grp,1E+99)))) | M4: {=IFERROR(_xlfn.LET( _xlpm.x,TRIM(C4), _xlpm.dorm,TRIM(_xlfn.TEXTBEFORE(_xlpm.x," - ")), _xlpm.room,TRIM(_xlfn.TEXTAFTER(_xlpm.x," - ",-1)), _xlpm.occ,_xlfn.XLOOKUP( 1, (TRIM('Room Capacity'!A:A)=_xlpm.dorm)*(TRIM('Room Capacity'!D:D&"")=_xlpm.room), 'Room Capacity'!E:E, "" ), VALUE(_xlfn.TEXTBEFORE(_xlpm.occ," ")) ),"")} -> 2 | N4: =OR(_xlfn.TEXTBEFORE(C4," - ")="Blaisdell",_xlfn.TEXTBEFORE(C4," - ")="Mudd",_xlfn.TEXTBEFORE(C4," - ")="Dialynas",_xlfn.TEXTBEFORE(C4," - ")="Sontag") -> TRUE
A5: Blaisdell - 111 | B5: 183 | C5: Blaisdell - 6 | D5: =_xlfn.XLOOKUP(C5,'2023'!C:C,'2023'!A:A,"") -> 45029.821 | E5: =_xlfn.XLOOKUP(C5,'2023'!C:C,'2023'!B:B,"") -> No Selection Time Issued | F5: =_xlfn.LET( _xlpm.ind,D5, _xlpm.grp,E5, IF(AND(NOT(ISNUMBER(_xlpm.ind)),NOT(ISNUMBER(_xlpm.grp))),"", MIN(IF(ISNUMBER(_xlpm.ind),_xlpm.ind,1E+99),IF(ISNUMBER(_xlpm.grp),_xlpm.grp,1E+99)) ) ) -> 45029.821 | G5: =_xlfn.XLOOKUP(C5,'2024'!C:C,'2024'!A:A,"") | H5: =_xlfn.XLOOKUP(C6,'2024'!C:C,'2024'!B:B,"") | I5: =_xlfn.LET( _xlpm.ind,G5, _xlpm.grp,H5, IF(AND(NOT(ISNUMBER(_xlpm.ind)),NOT(ISNUMBER(_xlpm.grp))),"", MIN(IF(ISNUMBER(_xlpm.ind),_xlpm.ind,1E+99),IF(ISNUMBER(_xlpm.grp),_xlpm.grp,1E+99)) ) ) | J5: =_xlfn.XLOOKUP(C5,'2025'!C:C,'2025'!A:A,"") | K5: =_xlfn.XLOOKUP(C5,'2025'!C:C,'2025'!B:B,"") | L5: =_xlfn.LET(_xlpm.ind,J5,_xlpm.grp,K5,IF(AND(NOT(ISNUMBER(_xlpm.ind)),NOT(ISNUMBER(_xlpm.grp))),"",MIN(IF(ISNUMBER(_xlpm.ind),_xlpm.ind,1E+99),IF(ISNUMBER(_xlpm.grp),_xlpm.grp,1E+99)))) | M5: {=IFERROR(_xlfn.LET( _xlpm.x,TRIM(C5), _xlpm.dorm,TRIM(_xlfn.TEXTBEFORE(_xlpm.x," - ")), _xlpm.room,TRIM(_xlfn.TEXTAFTER(_xlpm.x," - ",-1)), _xlpm.occ,_xlfn.XLOOKUP( 1, (TRIM('Room Capacity'!A:A)=_xlpm.dorm)*(TRIM('Room Capacity'!D:D&"")=_xlpm.room), 'Room Capacity'!E:E, "" ), VALUE(_xlfn.TEXTBEFORE(_xlpm.occ," ")) ),"")} -> 2 | N5: =OR(_xlfn.TEXTBEFORE(C5," - ")="Blaisdell",_xlfn.TEXTBEFORE(C5," - ")="Mudd",_xlfn.TEXTBEFORE(C5," - ")="Dialynas",_xlfn.TEXTBEFORE(C5," - ")="Sontag") -> TRUE
A6: Blaisdell - 111 | B6: 175 | C6: Blaisdell - 8 | D6: =_xlfn.XLOOKUP(C6,'2023'!C:C,'2023'!A:A,"") -> 45029.823 | E6: =_xlfn.XLOOKUP(C6,'2023'!C:C,'2023'!B:B,"") -> 45027.723 | F6: =_xlfn.LET( _xlpm.ind,D6, _xlpm.grp,E6, IF(AND(NOT(ISNUMBER(_xlpm.ind)),NOT(ISNUMBER(_xlpm.grp))),"", MIN(IF(ISNUMBER(_xlpm.ind),_xlpm.ind,1E+99),IF(ISNUMBER(_xlpm.grp),_xlpm.grp,1E+99)) ) ) -> 45027.723 | G6: =_xlfn.XLOOKUP(C6,'2024'!C:C,'2024'!A:A,"") | H6: =_xlfn.XLOOKUP(C7,'2024'!C:C,'2024'!B:B,"") | I6: =_xlfn.LET( _xlpm.ind,G6, _xlpm.grp,H6, IF(AND(NOT(ISNUMBER(_xlpm.ind)),NOT(ISNUMBER(_xlpm.grp))),"", MIN(IF(ISNUMBER(_xlpm.ind),_xlpm.ind,1E+99),IF(ISNUMBER(_xlpm.grp),_xlpm.grp,1E+99)) ) ) | J6: =_xlfn.XLOOKUP(C6,'2025'!C:C,'2025'!A:A,"") | K6: =_xlfn.XLOOKUP(C6,'2025'!C:C,'2025'!B:B,"") | L6: =_xlfn.LET(_xlpm.ind,J6,_xlpm.grp,K6,IF(AND(NOT(ISNUMBER(_xlpm.ind)),NOT(ISNUMBER(_xlpm.grp))),"",MIN(IF(ISNUMBER(_xlpm.ind),_xlpm.ind,1E+99),IF(ISNUMBER(_xlpm.grp),_xlpm.grp,1E+99)))) | M6: {=IFERROR(_xlfn.LET( _xlpm.x,TRIM(C6), _xlpm.dorm,TRIM(_xlfn.TEXTBEFORE(_xlpm.x," - ")), _xlpm.room,TRIM(_xlfn.TEXTAFTER(_xlpm.x," - ",-1)), _xlpm.occ,_xlfn.XLOOKUP( 1, (TRIM('Room Capacity'!A:A)=_xlpm.dorm)*(TRIM('Room Capacity'!D:D&"")=_xlpm.room), 'Room Capacity'!E:E, "" ), VALUE(_xlfn.TEXTBEFORE(_xlpm.occ," ")) ),"")} -> 2 | N6: =OR(_xlfn.TEXTBEFORE(C6," - ")="Blaisdell",_xlfn.TEXTBEFORE(C6," - ")="Mudd",_xlfn.TEXTBEFORE(C6," - ")="Dialynas",_xlfn.TEXTBEFORE(C6," - ")="Sontag") -> TRUE
A7: Blaisdell - 12 | B7: 332 | C7: Blaisdell - 10 | D7: =_xlfn.XLOOKUP(C7,'2023'!C:C,'2023'!A:A,"") -> 45029.838 | E7: =_xlfn.XLOOKUP(C7,'2023'!C:C,'2023'!B:B,"") -> 45027.71 | F7: =_xlfn.LET( _xlpm.ind,D7, _xlpm.grp,E7, IF(AND(NOT(ISNUMBER(_xlpm.ind)),NOT(ISNUMBER(_xlpm.grp))),"", MIN(IF(ISNUMBER(_xlpm.ind),_xlpm.ind,1E+99),IF(ISNUMBER(_xlpm.grp),_xlpm.grp,1E+99)) ) ) -> 45027.71 | G7: =_xlfn.XLOOKUP(C7,'2024'!C:C,'2024'!A:A,"") | H7: =_xlfn.XLOOKUP(C8,'2024'!C:C,'2024'!B:B,"") | I7: =_xlfn.LET( _xlpm.ind,G7, _xlpm.grp,H7, IF(AND(NOT(ISNUMBER(_xlpm.ind)),NOT(ISNUMBER(_xlpm.grp))),"", MIN(IF(ISNUMBER(_xlpm.ind),_xlpm.ind,1E+99),IF(ISNUMBER(_xlpm.grp),_xlpm.grp,1E+99)) ) ) | J7: =_xlfn.XLOOKUP(C7,'2025'!C:C,'2025'!A:A,"") | K7: =_xlfn.XLOOKUP(C7,'2025'!C:C,'2025'!B:B,"") | L7: =_xlfn.LET(_xlpm.ind,J7,_xlpm.grp,K7,IF(AND(NOT(ISNUMBER(_xlpm.ind)),NOT(ISNUMBER(_xlpm.grp))),"",MIN(IF(ISNUMBER(_xlpm.ind),_xlpm.ind,1E+99),IF(ISNUMBER(_xlpm.grp),_xlpm.grp,1E+99)))) | M7: {=IFERROR(_xlfn.LET( _xlpm.x,TRIM(C7), _xlpm.dorm,TRIM(_xlfn.TEXTBEFORE(_xlpm.x," - ")), _xlpm.room,TRIM(_xlfn.TEXTAFTER(_xlpm.x," - ",-1)), _xlpm.occ,_xlfn.XLOOKUP( 1, (TRIM('Room Capacity'!A:A)=_xlpm.dorm)*(TRIM('Room Capacity'!D:D&"")=_xlpm.room), 'Room Capacity'!E:E, "" ), VALUE(_xlfn.TEXTBEFORE(_xlpm.occ," ")) ),"")} -> 3 | N7: =OR(_xlfn.TEXTBEFORE(C7," - ")="Blaisdell",_xlfn.TEXTBEFORE(C7," - ")="Mudd",_xlfn.TEXTBEFORE(C7," - ")="Dialynas",_xlfn.TEXTBEFORE(C7," - ")="Sontag") -> TRUE
A8: Blaisdell - 12 | B8: 246 | C8: Blaisdell - 12 | D8: =_xlfn.XLOOKUP(C8,'2023'!C:C,'2023'!A:A,"") -> 45029.802 | E8: =_xlfn.XLOOKUP(C8,'2023'!C:C,'2023'!B:B,"") -> 45027.89 | F8: =_xlfn.LET( _xlpm.ind,D8, _xlpm.grp,E8, IF(AND(NOT(ISNUMBER(_xlpm.ind)),NOT(ISNUMBER(_xlpm.grp))),"", MIN(IF(ISNUMBER(_xlpm.ind),_xlpm.ind,1E+99),IF(ISNUMBER(_xlpm.grp),_xlpm.grp,1E+99)) ) ) -> 45027.89 | G8: =_xlfn.XLOOKUP(C8,'2024'!C:C,'2024'!A:A,"") | H8: =_xlfn.XLOOKUP(C9,'2024'!C:C,'2024'!B:B,"") | I8: =_xlfn.LET( _xlpm.ind,G8, _xlpm.grp,H8, IF(AND(NOT(ISNUMBER(_xlpm.ind)),NOT(ISNUMBER(_xlpm.grp))),"", MIN(IF(ISNUMBER(_xlpm.ind),_xlpm.ind,1E+99),IF(ISNUMBER(_xlpm.grp),_xlpm.grp,1E+99)) ) ) | J8: =_xlfn.XLOOKUP(C8,'2025'!C:C,'2025'!A:A,"") | K8: =_xlfn.XLOOKUP(C8,'2025'!C:C,'2025'!B:B,"") | L8: =_xlfn.LET(_xlpm.ind,J8,_xlpm.grp,K8,IF(AND(NOT(ISNUMBER(_xlpm.ind)),NOT(ISNUMBER(_xlpm.grp))),"",MIN(IF(ISNUMBER(_xlpm.ind),_xlpm.ind,1E+99),IF(ISNUMBER(_xlpm.grp),_xlpm.grp,1E+99)))) | M8: {=IFERROR(_xlfn.LET( _xlpm.x,TRIM(C8), _xlpm.dorm,TRIM(_xlfn.TEXTBEFORE(_xlpm.x," - ")), _xlpm.room,TRIM(_xlfn.TEXTAFTER(_xlpm.x," - ",-1)), _xlpm.occ,_xlfn.XLOOKUP( 1, (TRIM('Room Capacity'!A:A)=_xlpm.dorm)*(TRIM('Room Capacity'!D:D&"")=_xlpm.room), 'Room Capacity'!E:E, "" ), VALUE(_xlfn.TEXTBEFORE(_xlpm.occ," ")) ),"")} -> 2 | N8: =OR(_xlfn.TEXTBEFORE(C8," - ")="Blaisdell",_xlfn.TEXTBEFORE(C8," - ")="Mudd",_xlfn.TEXTBEFORE(C8," - ")="Dialynas",_xlfn.TEXTBEFORE(C8," - ")="Sontag") -> TRUE
A9: Blaisdell - 120 | B9: 164 | C9: Blaisdell - 14 | D9: =_xlfn.XLOOKUP(C9,'2023'!C:C,'2023'!A:A,"") -> 45029.85 | E9: =_xlfn.XLOOKUP(C9,'2023'!C:C,'2023'!B:B,"") -> 45028.798 | F9: =_xlfn.LET( _xlpm.ind,D9, _xlpm.grp,E9, IF(AND(NOT(ISNUMBER(_xlpm.ind)),NOT(ISNUMBER(_xlpm.grp))),"", MIN(IF(ISNUMBER(_xlpm.ind),_xlpm.ind,1E+99),IF(ISNUMBER(_xlpm.grp),_xlpm.grp,1E+99)) ) ) -> 45028.798 | G9: =_xlfn.XLOOKUP(C9,'2024'!C:C,'2024'!A:A,"") | H9: =_xlfn.XLOOKUP(C10,'2024'!C:C,'2024'!B:B,"") | I9: =_xlfn.LET( _xlpm.ind,G9, _xlpm.grp,H9, IF(AND(NOT(ISNUMBER(_xlpm.ind)),NOT(ISNUMBER(_xlpm.grp))),"", MIN(IF(ISNUMBER(_xlpm.ind),_xlpm.ind,1E+99),IF(ISNUMBER(_xlpm.grp),_xlpm.grp,1E+99)) ) ) | J9: =_xlfn.XLOOKUP(C9,'2025'!C:C,'2025'!A:A,"") | K9: =_xlfn.XLOOKUP(C9,'2025'!C:C,'2025'!B:B,"") | L9: =_xlfn.LET(_xlpm.ind,J9,_xlpm.grp,K9,IF(AND(NOT(ISNUMBER(_xlpm.ind)),NOT(ISNUMBER(_xlpm.grp))),"",MIN(IF(ISNUMBER(_xlpm.ind),_xlpm.ind,1E+99),IF(ISNUMBER(_xlpm.grp),_xlpm.grp,1E+99)))) | M9: {=IFERROR(_xlfn.LET( _xlpm.x,TRIM(C9), _xlpm.dorm,TRIM(_xlfn.TEXTBEFORE(_xlpm.x," - ")), _xlpm.room,TRIM(_xlfn.TEXTAFTER(_xlpm.x," - ",-1)), _xlpm.occ,_xlfn.XLOOKUP( 1, (TRIM('Room Capacity'!A:A)=_xlpm.dorm)*(TRIM('Room Capacity'!D:D&"")=_xlpm.room), 'Room Capacity'!E:E, "" ), VALUE(_xlfn.TEXTBEFORE(_xlpm.occ," ")) ),"")} -> 2 | N9: =OR(_xlfn.TEXTBEFORE(C9," - ")="Blaisdell",_xlfn.TEXTBEFORE(C9," - ")="Mudd",_xlfn.TEXTBEFORE(C9," - ")="Dialynas",_xlfn.TEXTBEFORE(C9," - ")="Sontag") -> TRUE
A10: Blaisdell - 120 | B10: 285 | C10: Blaisdell - 16 | D10: =_xlfn.XLOOKUP(C10,'2023'!C:C,'2023'!A:A,"") -> 45029.748 | E10: =_xlfn.XLOOKUP(C10,'2023'!C:C,'2023'!B:B,"") -> 45029.738 | F10: =_xlfn.LET( _xlpm.ind,D10, _xlpm.grp,E10, IF(AND(NOT(ISNUMBER(_xlpm.ind)),NOT(ISNUMBER(_xlpm.grp))),"", MIN(IF(ISNUMBER(_xlpm.ind),_xlpm.ind,1E+99),IF(ISNUMBER(_xlpm.grp),_xlpm.grp,1E+99)) ) ) -> 45029.738 | G10: =_xlfn.XLOOKUP(C10,'2024'!C:C,'2024'!A:A,"") | H10: =_xlfn.XLOOKUP(C11,'2024'!C:C,'2024'!B:B,"") | I10: =_xlfn.LET( _xlpm.ind,G10, _xlpm.grp,H10, IF(AND(NOT(ISNUMBER(_xlpm.ind)),NOT(ISNUMBER(_xlpm.grp))),"", MIN(IF(ISNUMBER(_xlpm.ind),_xlpm.ind,1E+99),IF(ISNUMBER(_xlpm.grp),_xlpm.grp,1E+99)) ) ) | J10: =_xlfn.XLOOKUP(C10,'2025'!C:C,'2025'!A:A,"") | K10: =_xlfn.XLOOKUP(C10,'2025'!C:C,'2025'!B:B,"") | L10: =_xlfn.LET(_xlpm.ind,J10,_xlpm.grp,K10,IF(AND(NOT(ISNUMBER(_xlpm.ind)),NOT(ISNUMBER(_xlpm.grp))),"",MIN(IF(ISNUMBER(_xlpm.ind),_xlpm.ind,1E+99),IF(ISNUMBER(_xlpm.grp),_xlpm.grp,1E+99)))) | M10: {=IFERROR(_xlfn.LET( _xlpm.x,TRIM(C10), _xlpm.dorm,TRIM(_xlfn.TEXTBEFORE(_xlpm.x," - ")), _xlpm.room,TRIM(_xlfn.TEXTAFTER(_xlpm.x," - ",-1)), _xlpm.occ,_xlfn.XLOOKUP( 1, (TRIM('Room Capacity'!A:A)=_xlpm.dorm)*(TRIM('Room Capacity'!D:D&"")=_xlpm.room), 'Room Capacity'!E:E, "" ), VALUE(_xlfn.TEXTBEFORE(_xlpm.occ," ")) ),"")} -> 2 | N10: =OR(_xlfn.TEXTBEFORE(C10," - ")="Blaisdell",_xlfn.TEXTBEFORE(C10," - ")="Mudd",_xlfn.TEXTBEFORE(C10," - ")="Dialynas",_xlfn.TEXTBEFORE(C10," - ")="Sontag") -> TRUE
A11: Blaisdell - 14 | B11: 147 | C11: Blaisdell - 17 | D11: =_xlfn.XLOOKUP(C11,'2023'!C:C,'2023'!A:A,"") -> 45029.833 | E11: =_xlfn.XLOOKUP(C11,'2023'!C:C,'2023'!B:B,"") -> 45027.71 | F11: =_xlfn.LET( _xlpm.ind,D11, _xlpm.grp,E11, IF(AND(NOT(ISNUMBER(_xlpm.ind)),NOT(ISNUMBER(_xlpm.grp))),"", MIN(IF(ISNUMBER(_xlpm.ind),_xlpm.ind,1E+99),IF(ISNUMBER(_xlpm.grp),_xlpm.grp,1E+99)) ) ) -> 45027.71 | G11: =_xlfn.XLOOKUP(C11,'2024'!C:C,'2024'!A:A,"") | H11: =_xlfn.XLOOKUP(C12,'2024'!C:C,'2024'!B:B,"") | I11: =_xlfn.LET( _xlpm.ind,G11, _xlpm.grp,H11, IF(AND(NOT(ISNUMBER(_xlpm.ind)),NOT(ISNUMBER(_xlpm.grp))),"", MIN(IF(ISNUMBER(_xlpm.ind),_xlpm.ind,1E+99),IF(ISNUMBER(_xlpm.grp),_xlpm.grp,1E+99)) ) ) | J11: =_xlfn.XLOOKUP(C11,'2025'!C:C,'2025'!A:A,"") | K11: =_xlfn.XLOOKUP(C11,'2025'!C:C,'2025'!B:B,"") | L11: =_xlfn.LET(_xlpm.ind,J11,_xlpm.grp,K11,IF(AND(NOT(ISNUMBER(_xlpm.ind)),NOT(ISNUMBER(_xlpm.grp))),"",MIN(IF(ISNUMBER(_xlpm.ind),_xlpm.ind,1E+99),IF(ISNUMBER(_xlpm.grp),_xlpm.grp,1E+99)))) | M11: {=IFERROR(_xlfn.LET( _xlpm.x,TRIM(C11), _xlpm.dorm,TRIM(_xlfn.TEXTBEFORE(_xlpm.x," - ")), _xlpm.room,TRIM(_xlfn.TEXTAFTER(_xlpm.x," - ",-1)), _xlpm.occ,_xlfn.XLOOKUP( 1, (TRIM('Room Capacity'!A:A)=_xlpm.dorm)*(TRIM('Room Capacity'!D:D&"")=_xlpm.room), 'Room Capacity'!E:E, "" ), VALUE(_xlfn.TEXTBEFORE(_xlpm.occ," ")) ),"")} -> 2 | N11: =OR(_xlfn.TEXTBEFORE(C11," - ")="Blaisdell",_xlfn.TEXTBEFORE(C11," - ")="Mudd",_xlfn.TEXTBEFORE(C11," - ")="Dialynas",_xlfn.TEXTBEFORE(C11," - ")="Sontag") -> TRUE
A12: Blaisdell - 14 | B12: 147 | C12: Blaisdell - 19 | D12: =_xlfn.XLOOKUP(C12,'2023'!C:C,'2023'!A:A,"") -> 45028.719 | E12: =_xlfn.XLOOKUP(C12,'2023'!C:C,'2023'!B:B,"") -> 45027.844 | F12: =_xlfn.LET( _xlpm.ind,D12, _xlpm.grp,E12, IF(AND(NOT(ISNUMBER(_xlpm.ind)),NOT(ISNUMBER(_xlpm.grp))),"", MIN(IF(ISNUMBER(_xlpm.ind),_xlpm.ind,1E+99),IF(ISNUMBER(_xlpm.grp),_xlpm.grp,1E+99)) ) ) -> 45027.844 | G12: =_xlfn.XLOOKUP(C12,'2024'!C:C,'2024'!A:A,"") | H12: =_xlfn.XLOOKUP(C13,'2024'!C:C,'2024'!B:B,"") | I12: =_xlfn.LET( _xlpm.ind,G12, _xlpm.grp,H12, IF(AND(NOT(ISNUMBER(_xlpm.ind)),NOT(ISNUMBER(_xlpm.grp))),"", MIN(IF(ISNUMBER(_xlpm.ind),_xlpm.ind,1E+99),IF(ISNUMBER(_xlpm.grp),_xlpm.grp,1E+99)) ) ) | J12: =_xlfn.XLOOKUP(C12,'2025'!C:C,'2025'!A:A,"") | K12: =_xlfn.XLOOKUP(C12,'2025'!C:C,'2025'!B:B,"") | L12: =_xlfn.LET(_xlpm.ind,J12,_xlpm.grp,K12,IF(AND(NOT(ISNUMBER(_xlpm.ind)),NOT(ISNUMBER(_xlpm.grp))),"",MIN(IF(ISNUMBER(_xlpm.ind),_xlpm.ind,1E+99),IF(ISNUMBER(_xlpm.grp),_xlpm.grp,1E+99)))) | M12: {=IFERROR(_xlfn.LET( _xlpm.x,TRIM(C12), _xlpm.dorm,TRIM(_xlfn.TEXTBEFORE(_xlpm.x," - ")), _xlpm.room,TRIM(_xlfn.TEXTAFTER(_xlpm.x," - ",-1)), _xlpm.occ,_xlfn.XLOOKUP( 1, (TRIM('Room Capacity'!A:A)=_xlpm.dorm)*(TRIM('Room Capacity'!D:D&"")=_xlpm.room), 'Room Capacity'!E:E, "" ), VALUE(_xlfn.TEXTBEFORE(_xlpm.occ," ")) ),"")} -> 1 | N12: =OR(_xlfn.TEXTBEFORE(C12," - ")="Blaisdell",_xlfn.TEXTBEFORE(C12," - ")="Mudd",_xlfn.TEXTBEFORE(C12," - ")="Dialynas",_xlfn.TEXTBEFORE(C12," - ")="Sontag") -> TRUE
A13: Blaisdell - 16 | B13: 162 | C13: Blaisdell - 23 | D13: =_xlfn.XLOOKUP(C13,'2023'!C:C,'2023'!A:A,"") -> 45029.708 | E13: =_xlfn.XLOOKUP(C13,'2023'!C:C,'2023'!B:B,"") -> 45029.779 | F13: =_xlfn.LET( _xlpm.ind,D13, _xlpm.grp,E13, IF(AND(NOT(ISNUMBER(_xlpm.ind)),NOT(ISNUMBER(_xlpm.grp))),"", MIN(IF(ISNUMBER(_xlpm.ind),_xlpm.ind,1E+99),IF(ISNUMBER(_xlpm.grp),_xlpm.grp,1E+99)) ) ) -> 45029.708 | G13: =_xlfn.XLOOKUP(C13,'2024'!C:C,'2024'!A:A,"") | H13: =_xlfn.XLOOKUP(C14,'2024'!C:C,'2024'!B:B,"") | I13: =_xlfn.LET( _xlpm.ind,G13, _xlpm.grp,H13, IF(AND(NOT(ISNUMBER(_xlpm.ind)),NOT(ISNUMBER(_xlpm.grp))),"", MIN(IF(ISNUMBER(_xlpm.ind),_xlpm.ind,1E+99),IF(ISNUMBER(_xlpm.grp),_xlpm.grp,1E+99)) ) ) | J13: =_xlfn.XLOOKUP(C13,'2025'!C:C,'2025'!A:A,"") | K13: =_xlfn.XLOOKUP(C13,'2025'!C:C,'2025'!B:B,"") | L13: =_xlfn.LET(_xlpm.ind,J13,_xlpm.grp,K13,IF(AND(NOT(ISNUMBER(_xlpm.ind)),NOT(ISNUMBER(_xlpm.grp))),"",MIN(IF(ISNUMBER(_xlpm.ind),_xlpm.ind,1E+99),IF(ISNUMBER(_xlpm.grp),_xlpm.grp,1E+99)))) | M13: {=IFERROR(_xlfn.LET( _xlpm.x,TRIM(C13), _xlpm.dorm,TRIM(_xlfn.TEXTBEFORE(_xlpm.x," - ")), _xlpm.room,TRIM(_xlfn.TEXTAFTER(_xlpm.x," - ",-1)), _xlpm.occ,_xlfn.XLOOKUP( 1, (TRIM('Room Capacity'!A:A)=_xlpm.dorm)*(TRIM('Room Capacity'!D:D&"")=_xlpm.room), 'Room Capacity'!E:E, "" ), VALUE(_xlfn.TEXTBEFORE(_xlpm.occ," ")) ),"")} -> 1 | N13: =OR(_xlfn.TEXTBEFORE(C13," - ")="Blaisdell",_xlfn.TEXTBEFORE(C13," - ")="Mudd",_xlfn.TEXTBEFORE(C13," - ")="Dialynas",_xlfn.TEXTBEFORE(C13," - ")="Sontag") -> TRUE
A14: Blaisdell - 16 | B14: 147 | C14: Blaisdell - 25 | D14: =_xlfn.XLOOKUP(C14,'2023'!C:C,'2023'!A:A,"") -> 45029.733 | E14: =_xlfn.XLOOKUP(C14,'2023'!C:C,'2023'!B:B,"") -> 45027.733 | F14: =_xlfn.LET( _xlpm.ind,D14, _xlpm.grp,E14, IF(AND(NOT(ISNUMBER(_xlpm.ind)),NOT(ISNUMBER(_xlpm.grp))),"", MIN(IF(ISNUMBER(_xlpm.ind),_xlpm.ind,1E+99),IF(ISNUMBER(_xlpm.grp),_xlpm.grp,1E+99)) ) ) -> 45027.733 | G14: =_xlfn.XLOOKUP(C14,'2024'!C:C,'2024'!A:A,"") | H14: =_xlfn.XLOOKUP(C15,'2024'!C:C,'2024'!B:B,"") -> 45391.71 | I14: =_xlfn.LET( _xlpm.ind,G14, _xlpm.grp,H14, IF(AND(NOT(ISNUMBER(_xlpm.ind)),NOT(ISNUMBER(_xlpm.grp))),"", MIN(IF(ISNUMBER(_xlpm.ind),_xlpm.ind,1E+99),IF(ISNUMBER(_xlpm.grp),_xlpm.grp,1E+99)) ) ) -> 45391.71 | J14: =_xlfn.XLOOKUP(C14,'2025'!C:C,'2025'!A:A,"") | K14: =_xlfn.XLOOKUP(C14,'2025'!C:C,'2025'!B:B,"") | L14: =_xlfn.LET(_xlpm.ind,J14,_xlpm.grp,K14,IF(AND(NOT(ISNUMBER(_xlpm.ind)),NOT(ISNUMBER(_xlpm.grp))),"",MIN(IF(ISNUMBER(_xlpm.ind),_xlpm.ind,1E+99),IF(ISNUMBER(_xlpm.grp),_xlpm.grp,1E+99)))) | M14: {=IFERROR(_xlfn.LET( _xlpm.x,TRIM(C14), _xlpm.dorm,TRIM(_xlfn.TEXTBEFORE(_xlpm.x," - ")), _xlpm.room,TRIM(_xlfn.TEXTAFTER(_xlpm.x," - ",-1)), _xlpm.occ,_xlfn.XLOOKUP( 1, (TRIM('Room Capacity'!A:A)=_xlpm.dorm)*(TRIM('Room Capacity'!D:D&"")=_xlpm.room), 'Room Capacity'!E:E, "" ), VALUE(_xlfn.TEXTBEFORE(_xlpm.occ," ")) ),"")} -> 2 | N14: =OR(_xlfn.TEXTBEFORE(C14," - ")="Blaisdell",_xlfn.TEXTBEFORE(C14," - ")="Mudd",_xlfn.TEXTBEFORE(C14," - ")="Dialynas",_xlfn.TEXTBEFORE(C14," - ")="Sontag") -> TRUE
... A858: Dialynas - DLNS 110 - 111 | B858: 146 | C858: Walker - WALK 752-753 - 753 | D858: =_xlfn.XLOOKUP(C858,'2023'!C:C,'2023'!A:A,"") -> 45028.75 | E858: =_xlfn.XLOOKUP(C858,'2023'!C:C,'2023'!B:B,"") -> No Selection Time Issued | F858: =_xlfn.LET( _xlpm.ind,D858, _xlpm.grp,E858, IF(AND(NOT(ISNUMBER(_xlpm.ind)),NOT(ISNUMBER(_xlpm.grp))),"", MIN(IF(ISNUMBER(_xlpm.ind),_xlpm.ind,1E+99),IF(ISNUMBER(_xlpm.grp),_xlpm.grp,1E+99)) ) ) -> 45028.75 | G858: =_xlfn.XLOOKUP(C858,'2024'!C:C,'2024'!A:A,"") -> 45392.777 | H858: =_xlfn.XLOOKUP(C859,'2024'!C:C,'2024'!B:B,"") -> 45391.708 | I858: =_xlfn.LET( _xlpm.ind,G858, _xlpm.grp,H858, IF(AND(NOT(ISNUMBER(_xlpm.ind)),NOT(ISNUMBER(_xlpm.grp))),"", MIN(IF(ISNUMBER(_xlpm.ind),_xlpm.ind,1E+99),IF(ISNUMBER(_xlpm.grp),_xlpm.grp,1E+99)) ) ) -> 45391.708 | J858: =_xlfn.XLOOKUP(C858,'2025'!C:C,'2025'!A:A,"") -> 45756.844 | K858: =_xlfn.XLOOKUP(C858,'2025'!C:C,'2025'!B:B,"") -> 45756.738 | L858: =_xlfn.LET(_xlpm.ind,J858,_xlpm.grp,K858,IF(AND(NOT(ISNUMBER(_xlpm.ind)),NOT(ISNUMBER(_xlpm.grp))),"",MIN(IF(ISNUMBER(_xlpm.ind),_xlpm.ind,1E+99),IF(ISNUMBER(_xlpm.grp),_xlpm.grp,1E+99)))) -> 45756.738 | M858: {=IFERROR(_xlfn.LET( _xlpm.x,TRIM(C858), _xlpm.dorm,TRIM(_xlfn.TEXTBEFORE(_xlpm.x," - ")), _xlpm.room,TRIM(_xlfn.TEXTAFTER(_xlpm.x," - ",-1)), _xlpm.occ,_xlfn.XLOOKUP( 1, (TRIM('Room Capacity'!A:A)=_xlpm.dorm)*(TRIM('Room Capacity'!D:D&"")=_xlpm.room), 'Room Capacity'!E:E, "" ), VALUE(_xlfn.TEXTBEFORE(_xlpm.occ," ")) ),"")} -> 1 | N858: =OR(_xlfn.TEXTBEFORE(C858," - ")="Blaisdell",_xlfn.TEXTBEFORE(C858," - ")="Mudd",_xlfn.TEXTBEFORE(C858," - ")="Dialynas",_xlfn.TEXTBEFORE(C858," - ")="Sontag") -> FALSE
A859: Dialynas - DLNS 110 - 112
A860: Dialynas - DLNS 110 - 112
A861: Dialynas - DLNS 110 - 112
A862: Dialynas - DLNS 110 - 113
A863: Dialynas - DLNS 110 - 113
A864: Dialynas - DLNS 110 - 113
A865: Dialynas - DLNS 110 - 116
A866: Dialynas - DLNS 110 - 116
A867: Dialynas - DLNS 110 - 116
A868: Dialynas - DLNS 120 - 121
A869: Dialynas - DLNS 120 - 121
A870: Dialynas - DLNS 120 - 122
... A2357: Walker - WALK 752-753 - 753
